 ğŸ˜‚ 	face with tears of joy
 ğŸ˜„ 	grinning face with smiling eyes
 ğŸ˜… 	grinning face with sweat
 ğŸ™„ 	face with rolling eyes
 ğŸ˜ 	smirking face
 ğŸ˜‡ 	smiling face with halo
 ğŸ˜€ 	grinning face
 ğŸ˜ 	squinting face with tongue
 ğŸ˜ƒ 	grinning face with big eyes
 ğŸ˜’ 	unamused face
 ğŸ˜ 	beaming face with smiling eyes
 ğŸ˜† 	grinning squinting face
 ğŸ¤£ 	rolling on the floor laughing
 ğŸ™‚ 	slightly smiling face
 ğŸ™ƒ 	upside down face
 ğŸ˜‰ 	winking face
 ğŸ˜Š 	smiling face with smiling eyes
 ğŸ¥° 	smiling face with hearts
 ğŸ˜ 	smiling face with heart eyes
 ğŸ¤© 	star struck
 ğŸ˜ 	neutral face
 ğŸ™ˆ 	see no evil monkey
 ğŸ™‰ 	hear no evil monkey
 ğŸ™Š 	speak no evil monkey
 ğŸ˜˜ 	face blowing a kiss
 ğŸ˜— 	kissing face
 ğŸ˜š 	kissing face with closed eyes
 ğŸ˜™ 	kissing face with smiling eyes
 ğŸ˜‹ 	face savoring food
 ğŸ˜› 	face with tongue
 ğŸ˜œ 	winking face with tongue
 ğŸ¤ª 	zany face
 ğŸ¤‘ 	money mouth face
 ğŸ¤— 	hugging face
 ğŸ¤­ 	face with hand over mouth
 ğŸ¤« 	shushing face
 ğŸ¤” 	thinking face
 ğŸ¤ 	zipper mouth face
 ğŸ¤¨ 	face with raised eyebrow
 ğŸ˜‘ 	expressionless face
 ğŸ˜¶ 	face without mouth
 ğŸ˜¬ 	grimacing face
 â˜º 	smiling face
 ğŸ¤¥ 	lying face
 ğŸ˜Œ 	relieved face
 ğŸ˜” 	pensive face
 ğŸ˜ª 	sleepy face
 ğŸ¤¤ 	drooling face
 ğŸ˜´ 	sleeping face
 ğŸ˜· 	face with medical mask
 ğŸ¤’ 	face with thermometer
 ğŸ¤• 	face with head bandage
 ğŸ¤¢ 	nauseated face
 ğŸ¤® 	face vomiting
 ğŸ¤§ 	sneezing face
 ğŸ¥µ 	hot face
 ğŸ¥¶ 	cold face
 ğŸ¥´ 	woozy face
 ğŸ˜µ 	dizzy face
 ğŸ¤¯ 	exploding head
 ğŸ¤  	cowboy hat face
 ğŸ¥³ 	partying face
 ğŸ˜ 	smiling face with sunglasses
 ğŸ¤“ 	nerd face
 ğŸ§ 	face with monocle
 ğŸ˜• 	confused face
 ğŸ˜Ÿ 	worried face
 ğŸ™ 	slightly frowning face
 â˜¹ 	frowning face
 ğŸ˜® 	face with open mouth
 ğŸ˜¯ 	hushed face
 ğŸ˜² 	astonished face
 ğŸ˜³ 	flushed face
 ğŸ¥º 	pleading face
 ğŸ˜¦ 	frowning face with open mouth
 ğŸ˜§ 	anguished face
 ğŸ˜¨ 	fearful face
 ğŸ˜° 	anxious face with sweat
 ğŸ˜¥ 	sad but relieved face
 ğŸ˜¢ 	crying face
 ğŸ˜­ 	loudly crying face
 ğŸ˜± 	face screaming in fear
 ğŸ˜– 	confounded face
 ğŸ˜£ 	persevering face
 ğŸ˜ 	disappointed face
 ğŸ˜“ 	downcast face with sweat
 ğŸ˜© 	weary face
 ğŸ˜« 	tired face
 ğŸ˜¤ 	face with steam from nose
 ğŸ˜¡ 	pouting face
 ğŸ˜  	angry face
 ğŸ¤¬ 	face with symbols on mouth
 ğŸ˜ˆ 	smiling face with horns
 ğŸ‘¿ 	angry face with horns
 ğŸ’€ 	skull
 â˜  	skull and crossbones
 ğŸ’© 	pile of poo
 ğŸ¤¡ 	clown face
 ğŸ‘¹ 	ogre
 ğŸ‘º 	goblin
 ğŸ‘» 	ghost
 ğŸ‘½ 	alien
 ğŸ‘¾ 	alien monster
 ğŸ¤– 	robot face
 ğŸ˜º 	grinning cat face
 ğŸ˜¸ 	grinning cat face with smiling eyes
 ğŸ˜¹ 	cat face with tears of joy
 ğŸ˜» 	smiling cat face with heart eyes
 ğŸ˜¼ 	cat face with wry smile
 ğŸ˜½ 	kissing cat face
 ğŸ™€ 	weary cat face
 ğŸ˜¿ 	crying cat face
 ğŸ˜¾ 	pouting cat face
 ğŸ’‹ 	kiss mark
 ğŸ‘‹ 	waving hand
 ğŸ¤š 	raised back of hand
 ğŸ– 	hand with fingers splayed
 âœ‹ 	raised hand
 ğŸ–– 	vulcan salute
 ğŸ‘Œ 	ok hand
 âœŒ 	victory hand
 ğŸ¤ 	crossed fingers
 ğŸ¤Ÿ 	love you gesture
 ğŸ¤˜ 	sign of the horns
 ğŸ¤™ 	call me hand
 ğŸ‘ˆ 	backhand index pointing left
 ğŸ‘‰ 	backhand index pointing right
 ğŸ‘† 	backhand index pointing up
 ğŸ–• 	middle finger
 ğŸ‘‡ 	backhand index pointing down
 â˜ 	index pointing up
 ğŸ‘ 	thumbs up
 ğŸ‘ 	thumbs down
 âœŠ 	raised fist
 ğŸ‘Š 	oncoming fist
 ğŸ¤› 	left facing fist
 ğŸ¤œ 	right facing fist
 ğŸ‘ 	clapping hands
 ğŸ™Œ 	raising hands
 ğŸ‘ 	open hands
 ğŸ¤² 	palms up together
 ğŸ¤ 	handshake
 ğŸ™ 	folded hands
 âœ 	writing hand
 ğŸ’… 	nail polish
 ğŸ¤³ 	selfie
 ğŸ’ª 	flexed biceps
 ğŸ¦µ 	leg
 ğŸ¦¶ 	foot
 ğŸ‘‚ 	ear
 ğŸ‘ƒ 	nose
 ğŸ§  	brain
 ğŸ¦· 	tooth
 ğŸ¦´ 	bone
 ğŸ‘€ 	eyes
 ğŸ‘ 	eye
 ğŸ‘… 	tongue
 ğŸ‘„ 	mouth
 ğŸ‘¶ 	baby
 ğŸ§’ 	child
 ğŸ‘¦ 	boy
 ğŸ‘§ 	girl
 ğŸ§‘ 	person
 ğŸ‘± 	person: blond hair
 ğŸ‘¨ 	man
 ğŸ§” 	man: beard
 ğŸ‘±â€â™‚ï¸ 	man: blond hair
 ğŸ‘¨â€ğŸ¦° 	man: red hair
 ğŸ‘¨â€ğŸ¦± 	man: curly hair
 ğŸ‘¨â€ğŸ¦³ 	man: white hair
 ğŸ‘¨â€ğŸ¦² 	man: bald
 ğŸ‘© 	woman
 ğŸ‘±â€â™€ï¸ 	woman: blond hair
 ğŸ‘©â€ğŸ¦° 	woman: red hair
 ğŸ‘©â€ğŸ¦± 	woman: curly hair
 ğŸ‘©â€ğŸ¦³ 	woman: white hair
 ğŸ‘©â€ğŸ¦² 	woman: bald
 ğŸ§“ 	older person
 ğŸ‘´ 	old man
 ğŸ‘µ 	old woman
 ğŸ™ 	person frowning
 ğŸ™â€â™‚ï¸ 	man frowning
 ğŸ™â€â™€ï¸ 	woman frowning
 ğŸ™ 	person pouting
 ğŸ™â€â™‚ï¸ 	man pouting
 ğŸ™â€â™€ï¸ 	woman pouting
 ğŸ™… 	person gesturing no
 ğŸ™…â€â™‚ï¸ 	man gesturing no
 ğŸ™…â€â™€ï¸ 	woman gesturing no
 ğŸ™† 	person gesturing ok
 ğŸ™†â€â™‚ï¸ 	man gesturing ok
 ğŸ™†â€â™€ï¸ 	woman gesturing ok
 ğŸ’ 	person tipping hand
 ğŸ’â€â™‚ï¸ 	man tipping hand
 ğŸ’â€â™€ï¸ 	woman tipping hand
 ğŸ™‹ 	person raising hand
 ğŸ™‹â€â™‚ï¸ 	man raising hand
 ğŸ™‹â€â™€ï¸ 	woman raising hand
 ğŸ™‡ 	person bowing
 ğŸ™‡â€â™‚ï¸ 	man bowing
 ğŸ™‡â€â™€ï¸ 	woman bowing
 ğŸ¤¦ 	person facepalming
 ğŸ¤¦â€â™‚ï¸ 	man facepalming
 ğŸ¤¦â€â™€ï¸ 	woman facepalming
 ğŸ¤· 	person shrugging
 ğŸ¤·â€â™‚ï¸ 	man shrugging
 ğŸ¤·â€â™€ï¸ 	woman shrugging
 ğŸ‘¨â€âš•ï¸ 	man health worker
 ğŸ‘©â€âš•ï¸ 	woman health worker
 ğŸ‘¨â€ğŸ“ 	man student
 ğŸ‘©â€ğŸ“ 	woman student
 ğŸ‘¨â€ğŸ« 	man teacher
 ğŸ‘©â€ğŸ« 	woman teacher
 ğŸ‘¨â€âš–ï¸ 	man judge
 ğŸ‘©â€âš–ï¸ 	woman judge
 ğŸ‘¨â€ğŸŒ¾ 	man farmer
 ğŸ‘©â€ğŸŒ¾ 	woman farmer
 ğŸ‘¨â€ğŸ³ 	man cook
 ğŸ‘©â€ğŸ³ 	woman cook
 ğŸ‘¨â€ğŸ”§ 	man mechanic
 ğŸ‘©â€ğŸ”§ 	woman mechanic
 ğŸ‘¨â€ğŸ­ 	man factory worker
 ğŸ‘©â€ğŸ­ 	woman factory worker
 ğŸ‘¨â€ğŸ’¼ 	man office worker
 ğŸ‘©â€ğŸ’¼ 	woman office worker
 ğŸ‘¨â€ğŸ”¬ 	man scientist
 ğŸ‘©â€ğŸ”¬ 	woman scientist
 ğŸ‘¨â€ğŸ’» 	man technologist
 ğŸ‘©â€ğŸ’» 	woman technologist
 ğŸ‘¨â€ğŸ¤ 	man singer
 ğŸ‘©â€ğŸ¤ 	woman singer
 ğŸ‘¨â€ğŸ¨ 	man artist
 ğŸ‘©â€ğŸ¨ 	woman artist
 ğŸ‘¨â€âœˆï¸ 	man pilot
 ğŸ‘©â€âœˆï¸ 	woman pilot
 ğŸ‘¨â€ğŸš€ 	man astronaut
 ğŸ‘©â€ğŸš€ 	woman astronaut
 ğŸ‘¨â€ğŸš’ 	man firefighter
 ğŸ‘©â€ğŸš’ 	woman firefighter
 ğŸ‘® 	police officer
 ğŸ‘®â€â™‚ï¸ 	man police officer
 ğŸ‘®â€â™€ï¸ 	woman police officer
 ğŸ•µ 	detective
 ğŸ•µï¸â€â™‚ï¸ 	man detective
 ğŸ•µï¸â€â™€ï¸ 	woman detective
 ğŸ’‚ 	guard
 ğŸ’‚â€â™‚ï¸ 	man guard
 ğŸ’‚â€â™€ï¸ 	woman guard
 ğŸ‘· 	construction worker
 ğŸ‘·â€â™‚ï¸ 	man construction worker
 ğŸ‘·â€â™€ï¸ 	woman construction worker
 ğŸ¤´ 	prince
 ğŸ‘¸ 	princess
 ğŸ‘³ 	person wearing turban
 ğŸ‘³â€â™‚ï¸ 	man wearing turban
 ğŸ‘³â€â™€ï¸ 	woman wearing turban
 ğŸ‘² 	man with chinese cap
 ğŸ§• 	woman with headscarf
 ğŸ¤µ 	man in tuxedo
 ğŸ‘° 	bride with veil
 ğŸ¤° 	pregnant woman
 ğŸ¤± 	breast feeding
 ğŸ‘¼ 	baby angel
 ğŸ… 	santa claus
 ğŸ¤¶ 	mrs. claus
 ğŸ¦¸ 	superhero
 ğŸ¦¸â€â™‚ï¸ 	man superhero
 ğŸ¦¸â€â™€ï¸ 	woman superhero
 ğŸ¦¹ 	supervillain
 ğŸ¦¹â€â™‚ï¸ 	man supervillain
 ğŸ¦¹â€â™€ï¸ 	woman supervillain
 ğŸ§™ 	mage
 ğŸ§™â€â™‚ï¸ 	man mage
 ğŸ§™â€â™€ï¸ 	woman mage
 ğŸ§š 	fairy
 ğŸ§šâ€â™‚ï¸ 	man fairy
 ğŸ§šâ€â™€ï¸ 	woman fairy
 ğŸ§› 	vampire
 ğŸ§›â€â™‚ï¸ 	man vampire
 ğŸ§›â€â™€ï¸ 	woman vampire
 ğŸ§œ 	merperson
 ğŸ§œâ€â™‚ï¸ 	merman
 ğŸ§œâ€â™€ï¸ 	mermaid
 ğŸ§ 	elf
 ğŸ§â€â™‚ï¸ 	man elf
 ğŸ§â€â™€ï¸ 	woman elf
 ğŸ§ 	genie
 ğŸ§â€â™‚ï¸ 	man genie
 ğŸ§â€â™€ï¸ 	woman genie
 ğŸ§Ÿ 	zombie
 ğŸ§Ÿâ€â™‚ï¸ 	man zombie
 ğŸ§Ÿâ€â™€ï¸ 	woman zombie
 ğŸ’† 	person getting massage
 ğŸ’†â€â™‚ï¸ 	man getting massage
 ğŸ’†â€â™€ï¸ 	woman getting massage
 ğŸ’‡ 	person getting haircut
 ğŸ’‡â€â™‚ï¸ 	man getting haircut
 ğŸ’‡â€â™€ï¸ 	woman getting haircut
 ğŸš¶ 	person walking
 ğŸš¶â€â™‚ï¸ 	man walking
 ğŸš¶â€â™€ï¸ 	woman walking
 ğŸƒ 	person running
 ğŸƒâ€â™‚ï¸ 	man running
 ğŸƒâ€â™€ï¸ 	woman running
 ğŸ’ƒ 	woman dancing
 ğŸ•º 	man dancing
 ğŸ•´ 	man in suit levitating
 ğŸ‘¯ 	people with bunny ears
 ğŸ‘¯â€â™‚ï¸ 	men with bunny ears
 ğŸ‘¯â€â™€ï¸ 	women with bunny ears
 ğŸ§– 	person in steamy room
 ğŸ§–â€â™‚ï¸ 	man in steamy room
 ğŸ§–â€â™€ï¸ 	woman in steamy room
 ğŸ§˜ 	person in lotus position
 ğŸ‘­ 	women holding hands
 ğŸ‘« 	woman and man holding hands
 ğŸ‘¬ 	men holding hands
 ğŸ’ 	kiss
 ğŸ‘¨â€â¤ï¸â€ğŸ’‹â€ğŸ‘¨ 	kiss: man, man
 ğŸ‘©â€â¤ï¸â€ğŸ’‹â€ğŸ‘© 	kiss: woman, woman
 ğŸ’‘ 	couple with heart
 ğŸ‘¨â€â¤ï¸â€ğŸ‘¨ 	couple with heart: man, man
 ğŸ‘©â€â¤ï¸â€ğŸ‘© 	couple with heart: woman, woman
 ğŸ‘ª 	family
 ğŸ‘¨â€ğŸ‘©â€ğŸ‘¦ 	family: man, woman, boy
 ğŸ‘¨â€ğŸ‘©â€ğŸ‘§ 	family: man, woman, girl
 ğŸ‘¨â€ğŸ‘©â€ğŸ‘§â€ğŸ‘¦ 	family: man, woman, girl, boy
 ğŸ‘¨â€ğŸ‘©â€ğŸ‘¦â€ğŸ‘¦ 	family: man, woman, boy, boy
 ğŸ‘¨â€ğŸ‘©â€ğŸ‘§â€ğŸ‘§ 	family: man, woman, girl, girl
 ğŸ‘¨â€ğŸ‘¨â€ğŸ‘¦ 	family: man, man, boy
 ğŸ‘¨â€ğŸ‘¨â€ğŸ‘§ 	family: man, man, girl
 ğŸ‘¨â€ğŸ‘¨â€ğŸ‘§â€ğŸ‘¦ 	family: man, man, girl, boy
 ğŸ‘¨â€ğŸ‘¨â€ğŸ‘¦â€ğŸ‘¦ 	family: man, man, boy, boy
 ğŸ‘¨â€ğŸ‘¨â€ğŸ‘§â€ğŸ‘§ 	family: man, man, girl, girl
 ğŸ‘©â€ğŸ‘©â€ğŸ‘¦ 	family: woman, woman, boy
 ğŸ‘©â€ğŸ‘©â€ğŸ‘§ 	family: woman, woman, girl
 ğŸ‘©â€ğŸ‘©â€ğŸ‘§â€ğŸ‘¦ 	family: woman, woman, girl, boy
 ğŸ‘©â€ğŸ‘©â€ğŸ‘¦â€ğŸ‘¦ 	family: woman, woman, boy, boy
 ğŸ‘©â€ğŸ‘©â€ğŸ‘§â€ğŸ‘§ 	family: woman, woman, girl, girl
 ğŸ‘¨â€ğŸ‘¦ 	family: man, boy
 ğŸ‘¨â€ğŸ‘¦â€ğŸ‘¦ 	family: man, boy, boy
 ğŸ‘¨â€ğŸ‘§ 	family: man, girl
 ğŸ‘¨â€ğŸ‘§â€ğŸ‘¦ 	family: man, girl, boy
 ğŸ‘¨â€ğŸ‘§â€ğŸ‘§ 	family: man, girl, girl
 ğŸ‘©â€ğŸ‘¦ 	family: woman, boy
 ğŸ‘©â€ğŸ‘¦â€ğŸ‘¦ 	family: woman, boy, boy
 ğŸ‘©â€ğŸ‘§ 	family: woman, girl
 ğŸ‘©â€ğŸ‘§â€ğŸ‘¦ 	family: woman, girl, boy
 ğŸ‘©â€ğŸ‘§â€ğŸ‘§ 	family: woman, girl, girl
 ğŸ—£ 	speaking head
 ğŸ‘¤ 	bust in silhouette
 ğŸ‘¥ 	busts in silhouette
 ğŸ‘£ 	footprints
 ğŸ§³ 	luggage
 ğŸŒ‚ 	closed umbrella
 â˜‚ 	umbrella
 ğŸ§µ 	thread
 ğŸ§¶ 	yarn
 ğŸ‘“ 	glasses
 ğŸ•¶ 	sunglasses
 ğŸ¥½ 	goggles
 ğŸ¥¼ 	lab coat
 ğŸ‘” 	necktie
 ğŸ‘• 	t shirt
 ğŸ‘– 	jeans
 ğŸ§£ 	scarf
 ğŸ§¤ 	gloves
 ğŸ§¥ 	coat
 ğŸ§¦ 	socks
 ğŸ‘— 	dress
 ğŸ‘˜ 	kimono
 ğŸ‘™ 	bikini
 ğŸ‘š 	womanâ€™s clothes
 ğŸ‘› 	purse
 ğŸ‘œ 	handbag
 ğŸ‘ 	clutch bag
 ğŸ’ 	backpack
 ğŸ‘ 	manâ€™s shoe
 ğŸ‘Ÿ 	running shoe
 ğŸ¥¾ 	hiking boot
 ğŸ¥¿ 	flat shoe
 ğŸ‘  	high heeled shoe
 ğŸ‘¡ 	womanâ€™s sandal
 ğŸ‘¢ 	womanâ€™s boot
 ğŸ‘‘ 	crown
 ğŸ‘’ 	womanâ€™s hat
 ğŸ© 	top hat
 ğŸ“ 	graduation cap
 ğŸ§¢ 	billed cap
 â›‘ 	rescue workerâ€™s helmet
 ğŸ’„ 	lipstick
 ğŸ’ 	ring
 ğŸ’¼ 	briefcase
 ğŸ’¥ 	collision
 ğŸ’« 	dizzy
 ğŸ’¦ 	sweat droplets
 ğŸ’¨ 	dashing away
 ğŸµ 	monkey face
 ğŸ’ 	monkey
 ğŸ¦ 	gorilla
 ğŸ¶ 	dog face
 ğŸ• 	dog
 ğŸ© 	poodle
 ğŸº 	wolf face
 ğŸ¦Š 	fox face
 ğŸ¦ 	raccoon
 ğŸ± 	cat face
 ğŸˆ 	cat
 ğŸ¦ 	lion face
 ğŸ¯ 	tiger face
 ğŸ… 	tiger
 ğŸ† 	leopard
 ğŸ´ 	horse face
 ğŸ 	horse
 ğŸ¦„ 	unicorn face
 ğŸ¦“ 	zebra
 ğŸ® 	cow face
 ğŸ‚ 	ox
 ğŸƒ 	water buffalo
 ğŸ„ 	cow
 ğŸ· 	pig face
 ğŸ– 	pig
 ğŸ— 	boar
 ğŸ½ 	pig nose
 ğŸ 	ram
 ğŸ‘ 	ewe
 ğŸ 	goat
 ğŸª 	camel
 ğŸ« 	two hump camel
 ğŸ¦™ 	llama
 ğŸ¦’ 	giraffe
 ğŸ˜ 	elephant
 ğŸ¦ 	rhinoceros
 ğŸ¦› 	hippopotamus
 ğŸ­ 	mouse face
 ğŸ 	mouse
 ğŸ€ 	rat
 ğŸ¹ 	hamster face
 ğŸ° 	rabbit face
 ğŸ‡ 	rabbit
 ğŸ¿ 	chipmunk
 ğŸ¦” 	hedgehog
 ğŸ¦‡ 	bat
 ğŸ» 	bear face
 ğŸ¨ 	koala
 ğŸ¼ 	panda face
 ğŸ¦˜ 	kangaroo
 ğŸ¦¡ 	badger
 ğŸ¾ 	paw prints
 ğŸ¦ƒ 	turkey
 ğŸ” 	chicken
 ğŸ“ 	rooster
 ğŸ£ 	hatching chick
 ğŸ¤ 	baby chick
 ğŸ¥ 	front facing baby chick
 ğŸ¦ 	bird
 ğŸ§ 	penguin
 ğŸ•Š 	dove
 ğŸ¦… 	eagle
 ğŸ¦† 	duck
 ğŸ¦¢ 	swan
 ğŸ¦‰ 	owl
 ğŸ¦š 	peacock
 ğŸ¦œ 	parrot
 ğŸ¸ 	frog face
 ğŸŠ 	crocodile
 ğŸ¢ 	turtle
 ğŸ¦ 	lizard
 ğŸ 	snake
 ğŸ² 	dragon face
 ğŸ‰ 	dragon
 ğŸ¦• 	sauropod
 ğŸ¦– 	t rex
 ğŸ³ 	spouting whale
 ğŸ‹ 	whale
 ğŸ¬ 	dolphin
 ğŸŸ 	fish
 ğŸ  	tropical fish
 ğŸ¡ 	blowfish
 ğŸ¦ˆ 	shark
 ğŸ™ 	octopus
 ğŸš 	spiral shell
 ğŸŒ 	snail
 ğŸ¦‹ 	butterfly
 ğŸ› 	bug
 ğŸœ 	ant
 ğŸ 	honeybee
 ğŸ 	lady beetle
 ğŸ¦— 	cricket
 ğŸ•· 	spider
 ğŸ•¸ 	spider web
 ğŸ¦‚ 	scorpion
 ğŸ¦Ÿ 	mosquito
 ğŸ¦  	microbe
 ğŸ’ 	bouquet
 ğŸŒ¸ 	cherry blossom
 ğŸ’® 	white flower
 ğŸµ 	rosette
 ğŸŒ¹ 	rose
 ğŸ¥€ 	wilted flower
 ğŸŒº 	hibiscus
 ğŸŒ» 	sunflower
 ğŸŒ¼ 	blossom
 ğŸŒ· 	tulip
 ğŸŒ± 	seedling
 ğŸŒ² 	evergreen tree
 ğŸŒ³ 	deciduous tree
 ğŸŒ´ 	palm tree
 ğŸŒµ 	cactus
 ğŸŒ¾ 	sheaf of rice
 ğŸŒ¿ 	herb
 â˜˜ 	shamrock
 ğŸ€ 	four leaf clover
 ğŸ 	maple leaf
 ğŸ‚ 	fallen leaf
 ğŸƒ 	leaf fluttering in wind
 ğŸ„ 	mushroom
 ğŸŒ° 	chestnut
 ğŸ¦€ 	crab
 ğŸ¦ 	lobster
 ğŸ¦ 	shrimp
 ğŸ¦‘ 	squid
 ğŸŒ 	globe showing europe africa
 ğŸŒ 	globe showing americas
 ğŸŒ 	globe showing asia australia
 ğŸŒ 	globe with meridians
 ğŸŒ‘ 	new moon
 ğŸŒ’ 	waxing crescent moon
 ğŸŒ“ 	first quarter moon
 ğŸŒ” 	waxing gibbous moon
 ğŸŒ• 	full moon
 ğŸŒ– 	waning gibbous moon
 ğŸŒ— 	last quarter moon
 ğŸŒ˜ 	waning crescent moon
 ğŸŒ™ 	crescent moon
 ğŸŒš 	new moon face
 ğŸŒ› 	first quarter moon face
 ğŸŒœ 	last quarter moon face
 â˜€ 	sun
 ğŸŒ 	full moon face
 ğŸŒ 	sun with face
 â­ 	star
 ğŸŒŸ 	glowing star
 ğŸŒ  	shooting star
 â˜ 	cloud
 â›… 	sun behind cloud
 â›ˆ 	cloud with lightning and rain
 ğŸŒ¤ 	sun behind small cloud
 ğŸŒ¥ 	sun behind large cloud
 ğŸŒ¦ 	sun behind rain cloud
 ğŸŒ§ 	cloud with rain
 ğŸŒ¨ 	cloud with snow
 ğŸŒ© 	cloud with lightning
 ğŸŒª 	tornado
 ğŸŒ« 	fog
 ğŸŒ¬ 	wind face
 ğŸŒˆ 	rainbow
 â˜‚ 	umbrella
 â˜” 	umbrella with rain drops
 âš¡ 	high voltage
 â„ 	snowflake
 â˜ƒ 	snowman
 â›„ 	snowman without snow
 â˜„ 	comet
 ğŸ”¥ 	fire
 ğŸ’§ 	droplet
 ğŸŒŠ 	water wave
 ğŸ„ 	christmas tree
 âœ¨ 	sparkles
 ğŸ‹ 	tanabata tree
 ğŸ 	pine decoration
 ğŸ‡ 	grapes
 ğŸˆ 	melon
 ğŸ‰ 	watermelon
 ğŸŠ 	tangerine
 ğŸ‹ 	lemon
 ğŸŒ 	banana
 ğŸ 	pineapple
 ğŸ¥­ 	mango
 ğŸ 	red apple
 ğŸ 	green apple
 ğŸ 	pear
 ğŸ‘ 	peach
 ğŸ’ 	cherries
 ğŸ“ 	strawberry
 ğŸ¥ 	kiwi fruit
 ğŸ… 	tomato
 ğŸ¥¥ 	coconut
 ğŸ¥‘ 	avocado
 ğŸ† 	eggplant
 ğŸ¥” 	potato
 ğŸ¥• 	carrot
 ğŸŒ½ 	ear of corn
 ğŸŒ¶ 	hot pepper
 ğŸ¥’ 	cucumber
 ğŸ¥¬ 	leafy green
 ğŸ¥¦ 	broccoli
 ğŸ„ 	mushroom
 ğŸ¥œ 	peanuts
 ğŸŒ° 	chestnut
 ğŸ 	bread
 ğŸ¥ 	croissant
 ğŸ¥– 	baguette bread
 ğŸ¥¨ 	pretzel
 ğŸ¥¯ 	bagel
 ğŸ¥ 	pancakes
 ğŸ§€ 	cheese wedge
 ğŸ– 	meat on bone
 ğŸ— 	poultry leg
 ğŸ¥© 	cut of meat
 ğŸ¥“ 	bacon
 ğŸ” 	hamburger
 ğŸŸ 	french fries
 ğŸ• 	pizza
 ğŸŒ­ 	hot dog
 ğŸ¥ª 	sandwich
 ğŸŒ® 	taco
 ğŸŒ¯ 	burrito
 ğŸ¥™ 	stuffed flatbread
 ğŸ³ 	cooking
 ğŸ¥˜ 	shallow pan of food
 ğŸ² 	pot of food
 ğŸ¥£ 	bowl with spoon
 ğŸ¥— 	green salad
 ğŸ¿ 	popcorn
 ğŸ§‚ 	salt
 ğŸ¥« 	canned food
 ğŸ± 	bento box
 ğŸ˜ 	rice cracker
 ğŸ™ 	rice ball
 ğŸš 	cooked rice
 ğŸ› 	curry rice
 ğŸœ 	steaming bowl
 ğŸ 	spaghetti
 ğŸ  	roasted sweet potato
 ğŸ¢ 	oden
 ğŸ£ 	sushi
 ğŸ¤ 	fried shrimp
 ğŸ¥ 	fish cake with swirl
 ğŸ¥® 	moon cake
 ğŸ¡ 	dango
 ğŸ¥Ÿ 	dumpling
 ğŸ¥  	fortune cookie
 ğŸ¥¡ 	takeout box
 ğŸ¦ 	soft ice cream
 ğŸ§ 	shaved ice
 ğŸ¨ 	ice cream
 ğŸ© 	doughnut
 ğŸª 	cookie
 ğŸ‚ 	birthday cake
 ğŸ° 	shortcake
 ğŸ§ 	cupcake
 ğŸ¥§ 	pie
 ğŸ« 	chocolate bar
 ğŸ¬ 	candy
 ğŸ­ 	lollipop
 ğŸ® 	custard
 ğŸ¯ 	honey pot
 ğŸ¼ 	baby bottle
 ğŸ¥› 	glass of milk
 â˜• 	hot beverage
 ğŸµ 	teacup without handle
 ğŸ¶ 	sake
 ğŸ¾ 	bottle with popping cork
 ğŸ· 	wine glass
 ğŸ¸ 	cocktail glass
 ğŸ¹ 	tropical drink
 ğŸº 	beer mug
 ğŸ» 	clinking beer mugs
 ğŸ¥‚ 	clinking glasses
 ğŸ¥ƒ 	tumbler glass
 ğŸ¥¤ 	cup with straw
 ğŸ¥¢ 	chopsticks
 ğŸ½ 	fork and knife with plate
 ğŸ´ 	fork and knife
 ğŸ¥„ 	spoon
 ğŸ•´ 	man in suit levitating
 ğŸ§— 	person climbing
 ğŸ§—â€â™‚ï¸ 	man climbing
 ğŸ§—â€â™€ï¸ 	woman climbing
 ğŸ‡ 	horse racing
 â›· 	skier
 ğŸ‚ 	snowboarder
 ğŸŒ 	person golfing
 ğŸŒï¸â€â™‚ï¸ 	man golfing
 ğŸŒï¸â€â™€ï¸ 	woman golfing
 ğŸ„ 	person surfing
 ğŸ„â€â™‚ï¸ 	man surfing
 ğŸ„â€â™€ï¸ 	woman surfing
 ğŸš£ 	person rowing boat
 ğŸš£â€â™‚ï¸ 	man rowing boat
 ğŸš£â€â™€ï¸ 	woman rowing boat
 ğŸŠ 	person swimming
 ğŸŠâ€â™‚ï¸ 	man swimming
 ğŸŠâ€â™€ï¸ 	woman swimming
 â›¹ 	person bouncing ball
 â›¹ï¸â€â™‚ï¸ 	man bouncing ball
 â›¹ï¸â€â™€ï¸ 	woman bouncing ball
 ğŸ‹ 	person lifting weights
 ğŸ‹ï¸â€â™‚ï¸ 	man lifting weights
 ğŸ‹ï¸â€â™€ï¸ 	woman lifting weights
 ğŸš´ 	person biking
 ğŸš´â€â™‚ï¸ 	man biking
 ğŸš´â€â™€ï¸ 	woman biking
 ğŸšµ 	person mountain biking
 ğŸšµâ€â™‚ï¸ 	man mountain biking
 ğŸšµâ€â™€ï¸ 	woman mountain biking
 ğŸ¤¸ 	person cartwheeling
 ğŸ¤¸â€â™‚ï¸ 	man cartwheeling
 ğŸ¤¸â€â™€ï¸ 	woman cartwheeling
 ğŸ¤¼ 	people wrestling
 ğŸ¤¼â€â™‚ï¸ 	men wrestling
 ğŸ¤¼â€â™€ï¸ 	women wrestling
 ğŸ¤½ 	person playing water polo
 ğŸ¤½â€â™‚ï¸ 	man playing water polo
 ğŸ¤½â€â™€ï¸ 	woman playing water polo
 ğŸ¤¾ 	person playing handball
 ğŸ¤¾â€â™‚ï¸ 	man playing handball
 ğŸ¤¾â€â™€ï¸ 	woman playing handball
 ğŸ¤¹ 	person juggling
 ğŸ¤¹â€â™‚ï¸ 	man juggling
 ğŸ¤¹â€â™€ï¸ 	woman juggling
 ğŸ§˜ 	person in lotus position
 ğŸ§˜â€â™‚ï¸ 	man in lotus position
 ğŸ§˜â€â™€ï¸ 	woman in lotus position
 ğŸª 	circus tent
 ğŸ›¹ 	skateboard
 ğŸ— 	reminder ribbon
 ğŸŸ 	admission tickets
 ğŸ« 	ticket
 ğŸ– 	military medal
 ğŸ† 	trophy
 ğŸ… 	sports medal
 ğŸ¥‡ 	1st place medal
 ğŸ¥ˆ 	2nd place medal
 ğŸ¥‰ 	3rd place medal
 âš½ 	soccer ball
 âš¾ 	baseball
 ğŸ¥ 	softball
 ğŸ€ 	basketball
 ğŸ 	volleyball
 ğŸˆ 	american football
 ğŸ‰ 	rugby football
 ğŸ¾ 	tennis
 ğŸ¥ 	flying disc
 ğŸ³ 	bowling
 ğŸ 	cricket game
 ğŸ‘ 	field hockey
 ğŸ’ 	ice hockey
 ğŸ¥ 	lacrosse
 ğŸ“ 	ping pong
 ğŸ¸ 	badminton
 ğŸ¥Š 	boxing glove
 ğŸ¥‹ 	martial arts uniform
 â›³ 	flag in hole
 â›¸ 	ice skate
 ğŸ£ 	fishing pole
 ğŸ½ 	running shirt
 ğŸ¿ 	skis
 ğŸ›· 	sled
 ğŸ¥Œ 	curling stone
 ğŸ¯ 	direct hit
 ğŸ± 	pool 8 ball
 ğŸ® 	video game
 ğŸ° 	slot machine
 ğŸ² 	game die
 ğŸ§© 	jigsaw
 â™Ÿ 	chess pawn
 ğŸ­ 	performing arts
 ğŸ¨ 	artist palette
 ğŸ§µ 	thread
 ğŸ§¶ 	yarn
 ğŸ¼ 	musical score
 ğŸ¤ 	microphone
 ğŸ§ 	headphone
 ğŸ· 	saxophone
 ğŸ¸ 	guitar
 ğŸ¹ 	musical keyboard
 ğŸº 	trumpet
 ğŸ» 	violin
 ğŸ¥ 	drum
 ğŸ¬ 	clapper board
 ğŸ¹ 	bow and arrow
 ğŸš£ 	person rowing boat
 ğŸ—¾ 	map of japan
 ğŸ” 	snow capped mountain
 â›° 	mountain
 ğŸŒ‹ 	volcano
 ğŸ—» 	mount fuji
 ğŸ• 	camping
 ğŸ– 	beach with umbrella
 ğŸœ 	desert
 ğŸ 	desert island
 ğŸ 	national park
 ğŸŸ 	stadium
 ğŸ› 	classical building
 ğŸ— 	building construction
 ğŸ˜ 	houses
 ğŸš 	derelict house
 ğŸ  	house
 ğŸ¡ 	house with garden
 ğŸ¢ 	office building
 ğŸ£ 	japanese post office
 ğŸ¤ 	post office
 ğŸ¥ 	hospital
 ğŸ¦ 	bank
 ğŸ¨ 	hotel
 ğŸ© 	love hotel
 ğŸª 	convenience store
 ğŸ« 	school
 ğŸ¬ 	department store
 ğŸ­ 	factory
 ğŸ¯ 	japanese castle
 ğŸ° 	castle
 ğŸ’’ 	wedding
 ğŸ—¼ 	tokyo tower
 ğŸ—½ 	statue of liberty
 â›ª 	church
 ğŸ•Œ 	mosque
 ğŸ• 	synagogue
 â›© 	shinto shrine
 ğŸ•‹ 	kaaba
 â›² 	fountain
 â›º 	tent
 ğŸŒ 	foggy
 ğŸŒƒ 	night with stars
 ğŸ™ 	cityscape
 ğŸŒ„ 	sunrise over mountains
 ğŸŒ… 	sunrise
 ğŸŒ† 	cityscape at dusk
 ğŸŒ‡ 	sunset
 ğŸŒ‰ 	bridge at night
 ğŸ  	carousel horse
 ğŸ¡ 	ferris wheel
 ğŸ¢ 	roller coaster
 ğŸš‚ 	locomotive
 ğŸšƒ 	railway car
 ğŸš„ 	high speed train
 ğŸš… 	bullet train
 ğŸš† 	train
 ğŸš‡ 	metro
 ğŸšˆ 	light rail
 ğŸš‰ 	station
 ğŸšŠ 	tram
 ğŸš 	monorail
 ğŸš 	mountain railway
 ğŸš‹ 	tram car
 ğŸšŒ 	bus
 ğŸš 	oncoming bus
 ğŸš 	trolleybus
 ğŸš 	minibus
 ğŸš‘ 	ambulance
 ğŸš’ 	fire engine
 ğŸš“ 	police car
 ğŸš” 	oncoming police car
 ğŸš• 	taxi
 ğŸš– 	oncoming taxi
 ğŸš— 	automobile
 ğŸš˜ 	oncoming automobile
 ğŸšš 	delivery truck
 ğŸš› 	articulated lorry
 ğŸšœ 	tractor
 ğŸ 	racing car
 ğŸ 	motorcycle
 ğŸ›µ 	motor scooter
 ğŸš² 	bicycle
 ğŸ›´ 	kick scooter
 ğŸš 	bus stop
 ğŸ›¤ 	railway track
 â›½ 	fuel pump
 ğŸš¨ 	police car light
 ğŸš¥ 	horizontal traffic light
 ğŸš¦ 	vertical traffic light
 ğŸš§ 	construction
 âš“ 	anchor
 â›µ 	sailboat
 ğŸš¤ 	speedboat
 ğŸ›³ 	passenger ship
 â›´ 	ferry
 ğŸ›¥ 	motor boat
 ğŸš¢ 	ship
 âœˆ 	airplane
 ğŸ›© 	small airplane
 ğŸ›« 	airplane departure
 ğŸ›¬ 	airplane arrival
 ğŸ’º 	seat
 ğŸš 	helicopter
 ğŸšŸ 	suspension railway
 ğŸš  	mountain cableway
 ğŸš¡ 	aerial tramway
 ğŸ›° 	satellite
 ğŸš€ 	rocket
 ğŸ›¸ 	flying saucer
 ğŸŒ  	shooting star
 ğŸŒŒ 	milky way
 â›± 	umbrella on ground
 ğŸ† 	fireworks
 ğŸ‡ 	sparkler
 ğŸ‘ 	moon viewing ceremony
 ğŸ’´ 	yen banknote
 ğŸ’µ 	dollar banknote
 ğŸ’¶ 	euro banknote
 ğŸ’· 	pound banknote
 ğŸ—¿ 	moai
 ğŸ›‚ 	passport control
 ğŸ›ƒ 	customs
 ğŸ›„ 	baggage claim
 ğŸ›… 	left luggage
 ğŸ’Œ 	love letter
 ğŸ•³ 	hole
 ğŸ’£ 	bomb
 ğŸ›€ 	person taking bath
 ğŸ›Œ 	person in bed
 ğŸ”ª 	kitchen knife
 ğŸº 	amphora
 ğŸ—º 	world map
 ğŸ§­ 	compass
 ğŸ§± 	brick
 ğŸ’ˆ 	barber pole
 ğŸ›¢ 	oil drum
 ğŸ› 	bellhop bell
 ğŸ§³ 	luggage
 âŒ› 	hourglass done
 â³ 	hourglass not done
 âŒš 	watch
 â° 	alarm clock
 â± 	stopwatch
 â² 	timer clock
 ğŸ•° 	mantelpiece clock
 ğŸŒ¡ 	thermometer
 â›± 	umbrella on ground
 ğŸ§¨ 	firecracker
 ğŸˆ 	balloon
 ğŸ‰ 	party popper
 ğŸŠ 	confetti ball
 ğŸ 	japanese dolls
 ğŸ 	carp streamer
 ğŸ 	wind chime
 ğŸ§§ 	red envelope
 ğŸ€ 	ribbon
 ğŸ 	wrapped gift
 ğŸ”® 	crystal ball
 ğŸ§¿ 	nazar amulet
 ğŸ•¹ 	joystick
 ğŸ§¸ 	teddy bear
 ğŸ–¼ 	framed picture
 ğŸ§µ 	thread
 ğŸ§¶ 	yarn
 ğŸ› 	shopping bags
 ğŸ“¿ 	prayer beads
 ğŸ’ 	gem stone
 ğŸ“¯ 	postal horn
 ğŸ™ 	studio microphone
 ğŸš 	level slider
 ğŸ› 	control knobs
 ğŸ“» 	radio
 ğŸ“± 	mobile phone
 ğŸ“² 	mobile phone with arrow
 â˜ 	telephone
 ğŸ“ 	telephone receiver
 ğŸ“Ÿ 	pager
 ğŸ“  	fax machine
 ğŸ”‹ 	battery
 ğŸ”Œ 	electric plug
 ğŸ’» 	laptop computer
 ğŸ–¥ 	desktop computer
 ğŸ–¨ 	printer
 âŒ¨ 	keyboard
 ğŸ–± 	computer mouse
 ğŸ–² 	trackball
 ğŸ’½ 	computer disk
 ğŸ’¾ 	floppy disk
 ğŸ’¿ 	optical disk
 ğŸ“€ 	dvd
 ğŸ§® 	abacus
 ğŸ¥ 	movie camera
 ğŸ 	film frames
 ğŸ“½ 	film projector
 ğŸ“º 	television
 ğŸ“· 	camera
 ğŸ“¸ 	camera with flash
 ğŸ“¹ 	video camera
 ğŸ“¼ 	videocassette
 ğŸ” 	magnifying glass tilted left
 ğŸ” 	magnifying glass tilted right
 ğŸ•¯ 	candle
 ğŸ’¡ 	light bulb
 ğŸ”¦ 	flashlight
 ğŸ® 	red paper lantern
 ğŸ“” 	notebook with decorative cover
 ğŸ“• 	closed book
 ğŸ“– 	open book
 ğŸ“— 	green book
 ğŸ“˜ 	blue book
 ğŸ“™ 	orange book
 ğŸ“š 	books
 ğŸ““ 	notebook
 ğŸ“ƒ 	page with curl
 ğŸ“œ 	scroll
 ğŸ“„ 	page facing up
 ğŸ“° 	newspaper
 ğŸ— 	rolled up newspaper
 ğŸ“‘ 	bookmark tabs
 ğŸ”– 	bookmark
 ğŸ· 	label
 ğŸ’° 	money bag
 ğŸ’´ 	yen banknote
 ğŸ’µ 	dollar banknote
 ğŸ’¶ 	euro banknote
 ğŸ’· 	pound banknote
 ğŸ’¸ 	money with wings
 ğŸ’³ 	credit card
 ğŸ§¾ 	receipt
 âœ‰ 	envelope
 ğŸ“§ 	e mail
 ğŸ“¨ 	incoming envelope
 ğŸ“© 	envelope with arrow
 ğŸ“¤ 	outbox tray
 ğŸ“¥ 	inbox tray
 ğŸ“¦ 	package
 ğŸ“« 	closed mailbox with raised flag
 ğŸ“ª 	closed mailbox with lowered flag
 ğŸ“¬ 	open mailbox with raised flag
 ğŸ“­ 	open mailbox with lowered flag
 ğŸ“® 	postbox
 ğŸ—³ 	ballot box with ballot
 âœ 	pencil
 âœ’ 	black nib
 ğŸ–‹ 	fountain pen
 ğŸ–Š 	pen
 ğŸ–Œ 	paintbrush
 ğŸ– 	crayon
 ğŸ“ 	memo
 ğŸ“ 	file folder
 ğŸ“‚ 	open file folder
 ğŸ—‚ 	card index dividers
 ğŸ“… 	calendar
 ğŸ“† 	tear off calendar
 ğŸ—’ 	spiral notepad
 ğŸ—“ 	spiral calendar
 ğŸ“‡ 	card index
 ğŸ“ˆ 	chart increasing
 ğŸ“‰ 	chart decreasing
 ğŸ“Š 	bar chart
 ğŸ“‹ 	clipboard
 ğŸ“Œ 	pushpin
 ğŸ“ 	round pushpin
 ğŸ“ 	paperclip
 ğŸ–‡ 	linked paperclips
 ğŸ“ 	straight ruler
 ğŸ“ 	triangular ruler
 âœ‚ 	scissors
 ğŸ—ƒ 	card file box
 ğŸ—„ 	file cabinet
 ğŸ—‘ 	wastebasket
 ğŸ”’ 	locked
 ğŸ”“ 	unlocked
 ğŸ” 	locked with pen
 ğŸ” 	locked with key
 ğŸ”‘ 	key
 ğŸ— 	old key
 ğŸ”¨ 	hammer
 â› 	pick
 âš’ 	hammer and pick
 ğŸ›  	hammer and wrench
 ğŸ—¡ 	dagger
 âš” 	crossed swords
 ğŸ”« 	pistol
 ğŸ›¡ 	shield
 ğŸ”§ 	wrench
 ğŸ”© 	nut and bolt
 âš™ 	gear
 ğŸ—œ 	clamp
 âš– 	balance scale
 ğŸ”— 	link
 â›“ 	chains
 ğŸ§° 	toolbox
 ğŸ§² 	magnet
 âš— 	alembic
 ğŸ§ª 	test tube
 ğŸ§« 	petri dish
 ğŸ§¬ 	dna
 ğŸ”¬ 	microscope
 ğŸ”­ 	telescope
 ğŸ“¡ 	satellite antenna
 ğŸ’‰ 	syringe
 ğŸ’Š 	pill
 ğŸšª 	door
 ğŸ› 	bed
 ğŸ›‹ 	couch and lamp
 ğŸš½ 	toilet
 ğŸš¿ 	shower
 ğŸ› 	bathtub
 ğŸ§´ 	lotion bottle
 ğŸ§· 	safety pin
 ğŸ§¹ 	broom
 ğŸ§º 	basket
 ğŸ§» 	roll of paper
 ğŸ§¼ 	soap
 ğŸ§½ 	sponge
 ğŸ§¯ 	fire extinguisher
 ğŸš¬ 	cigarette
 âš° 	coffin
 âš± 	funeral urn
 ğŸ—¿ 	moai
 ğŸš° 	potable water
 ğŸ’˜ 	heart with arrow
 ğŸ’ 	heart with ribbon
 ğŸ’– 	sparkling heart
 ğŸ’— 	growing heart
 ğŸ’“ 	beating heart
 ğŸ’ 	revolving hearts
 ğŸ’• 	two hearts
 ğŸ’Ÿ 	heart decoration
 â£ 	heavy heart exclamation
 ğŸ’” 	broken heart
 â¤ 	red heart
 ğŸ§¡ 	orange heart
 ğŸ’› 	yellow heart
 ğŸ’š 	green heart
 ğŸ’™ 	blue heart
 ğŸ’œ 	purple heart
 ğŸ–¤ 	black heart
 ğŸ’¯ 	hundred points
 ğŸ’¢ 	anger symbol
 ğŸ’¬ 	speech balloon
 ğŸ‘ï¸â€ğŸ—¨ï¸ 	eye in speech bubble
 ğŸ—¯ 	right anger bubble
 ğŸ’­ 	thought balloon
 ğŸ’¤ 	zzz
 ğŸ’® 	white flower
 â™¨ 	hot springs
 ğŸ’ˆ 	barber pole
 ğŸ›‘ 	stop sign
 ğŸ•› 	twelve oâ€™clock
 ğŸ•§ 	twelve thirty
 ğŸ• 	one oâ€™clock
 ğŸ•œ 	one thirty
 ğŸ•‘ 	two oâ€™clock
 ğŸ• 	two thirty
 ğŸ•’ 	three oâ€™clock
 ğŸ• 	three thirty
 ğŸ•“ 	four oâ€™clock
 ğŸ•Ÿ 	four thirty
 ğŸ•” 	five oâ€™clock
 ğŸ•  	five thirty
 ğŸ•• 	six oâ€™clock
 ğŸ•¡ 	six thirty
 ğŸ•– 	seven oâ€™clock
 ğŸ•¢ 	seven thirty
 ğŸ•— 	eight oâ€™clock
 ğŸ•£ 	eight thirty
 ğŸ•˜ 	nine oâ€™clock
 ğŸ•¤ 	nine thirty
 ğŸ•™ 	ten oâ€™clock
 ğŸ•¥ 	ten thirty
 ğŸ•š 	eleven oâ€™clock
 ğŸ•¦ 	eleven thirty
 ğŸŒ€ 	cyclone
 â™  	spade suit
 â™¥ 	heart suit
 â™¦ 	diamond suit
 â™£ 	club suit
 ğŸƒ 	joker
 ğŸ€„ 	mahjong red dragon
 ğŸ´ 	flower playing cards
 ğŸ”‡ 	muted speaker
 ğŸ”ˆ 	speaker low volume
 ğŸ”‰ 	speaker medium volume
 ğŸ”Š 	speaker high volume
 ğŸ“¢ 	loudspeaker
 ğŸ“£ 	megaphone
 ğŸ“¯ 	postal horn
 ğŸ”” 	bell
 ğŸ”• 	bell with slash
 ğŸµ 	musical note
 ğŸ¶ 	musical notes
 ğŸ§ 	atm sign
 ğŸš® 	litter in bin sign
 ğŸš° 	potable water
 â™¿ 	wheelchair symbol
 ğŸš¹ 	menâ€™s room
 ğŸšº 	womenâ€™s room
 ğŸš» 	restroom
 ğŸš¼ 	baby symbol
 ğŸš¾ 	water closet
 âš  	warning
 ğŸš¸ 	children crossing
 â›” 	no entry
 ğŸš« 	prohibited
 ğŸš³ 	no bicycles
 ğŸš­ 	no smoking
 ğŸš¯ 	no littering
 ğŸš± 	non potable water
 ğŸš· 	no pedestrians
 ğŸ” 	no one under eighteen
 â˜¢ 	radioactive
 â˜£ 	biohazard
 â¬† 	up arrow
 â†— 	up right arrow
 â¡ 	right arrow
 â†˜ 	down right arrow
 â¬‡ 	down arrow
 â†™ 	down left arrow
 â¬… 	left arrow
 â†– 	up left arrow
 â†• 	up down arrow
 â†” 	left right arrow
 â†© 	right arrow curving left
 â†ª 	left arrow curving right
 â¤´ 	right arrow curving up
 â¤µ 	right arrow curving down
 ğŸ”ƒ 	clockwise vertical arrows
 ğŸ”„ 	counterclockwise arrows button
 ğŸ”™ 	back arrow
 ğŸ”š 	end arrow
 ğŸ”› 	on! arrow
 ğŸ”œ 	soon arrow
 ğŸ” 	top arrow
 ğŸ› 	place of worship
 âš› 	atom symbol
 ğŸ•‰ 	om
 âœ¡ 	star of david
 â˜¸ 	wheel of dharma
 â˜¯ 	yin yang
 âœ 	latin cross
 â˜¦ 	orthodox cross
 â˜ª 	star and crescent
 â˜® 	peace symbol
 ğŸ• 	menorah
 ğŸ”¯ 	dotted six pointed star
 â™ˆ 	aries
 â™‰ 	taurus
 â™Š 	gemini
 â™‹ 	cancer
 â™Œ 	leo
 â™ 	virgo
 â™ 	libra
 â™ 	scorpio
 â™ 	sagittarius
 â™‘ 	capricorn
 â™’ 	aquarius
 â™“ 	pisces
 â› 	ophiuchus
 ğŸ”€ 	shuffle tracks button
 ğŸ” 	repeat button
 ğŸ”‚ 	repeat single button
 â–¶ 	play button
 â© 	fast forward button
 â—€ 	reverse button
 âª 	fast reverse button
 ğŸ”¼ 	upwards button
 â« 	fast up button
 ğŸ”½ 	downwards button
 â¬ 	fast down button
 â¹ 	stop button
 â 	eject button
 ğŸ¦ 	cinema
 ğŸ”… 	dim button
 ğŸ”† 	bright button
 ğŸ“¶ 	antenna bars
 ğŸ“³ 	vibration mode
 ğŸ“´ 	mobile phone off
 â™¾ 	infinity
 â™» 	recycling symbol
 ğŸ”± 	trident emblem
 ğŸ“› 	name badge
 ğŸ”° 	japanese symbol for beginner
 â­• 	heavy large circle
 âœ… 	white heavy check mark
 â˜‘ 	ballot box with check
 âœ” 	heavy check mark
 âœ– 	heavy multiplication x
 âŒ 	cross mark
 â 	cross mark button
 â• 	heavy plus sign
 â– 	heavy minus sign
 â— 	heavy division sign
 â° 	curly loop
 â¿ 	double curly loop
 ã€½ 	part alternation mark
 âœ³ 	eight spoked asterisk
 âœ´ 	eight pointed star
 â‡ 	sparkle
 â€¼ 	double exclamation mark
 â‰ 	exclamation question mark
 â“ 	question mark
 â” 	white question mark
 â• 	white exclamation mark
 â— 	exclamation mark
 Â© 	copyright
 Â® 	registered
 â„¢ 	trade mark
 #ï¸âƒ£ 	keycap number sign
 0ï¸âƒ£ 	keycap digit zero
 1ï¸âƒ£ 	keycap digit one
 2ï¸âƒ£ 	keycap digit two
 3ï¸âƒ£ 	keycap digit three
 4ï¸âƒ£ 	keycap digit four
 5ï¸âƒ£ 	keycap digit five
 6ï¸âƒ£ 	keycap digit six
 7ï¸âƒ£ 	keycap digit seven
 8ï¸âƒ£ 	keycap digit eight
 9ï¸âƒ£ 	keycap digit nine
 ğŸ”Ÿ 	keycap: 10
 ğŸ”  	input latin uppercase
 ğŸ”¡ 	input latin lowercase
 ğŸ”¢ 	input numbers
 ğŸ”£ 	input symbols
 ğŸ”¤ 	input latin letters
 ğŸ…° 	a button (blood type)
 ğŸ† 	ab button (blood type)
 ğŸ…± 	b button (blood type)
 ğŸ†‘ 	cl button
 ğŸ†’ 	cool button
 ğŸ†“ 	free button
 â„¹ 	information
 ğŸ†” 	id button
 â“œ 	circled m
 ğŸ†• 	new button
 ğŸ†– 	ng button
 ğŸ…¾ 	o button (blood type)
 ğŸ†— 	ok button
 ğŸ…¿ 	p button
 ğŸ†˜ 	sos button
 ğŸ†™ 	up! button
 ğŸ†š 	vs button
 ğŸˆ 	japanese â€œhereâ€ button
 ğŸˆ‚ 	japanese â€œservice chargeâ€ button
 ğŸˆ· 	japanese â€œmonthly amountâ€ button
 ğŸˆ¶ 	japanese â€œnot free of chargeâ€ button
 ğŸˆ¯ 	japanese â€œreservedâ€ button
 ğŸ‰ 	japanese â€œbargainâ€ button
 ğŸˆ¹ 	japanese â€œdiscountâ€ button
 ğŸˆš 	japanese â€œfree of chargeâ€ button
 ğŸˆ² 	japanese â€œprohibitedâ€ button
 ğŸ‰‘ 	japanese â€œacceptableâ€ button
 ğŸˆ¸ 	japanese â€œapplicationâ€ button
 ğŸˆ´ 	japanese â€œpassing gradeâ€ button
 ğŸˆ³ 	japanese â€œvacancyâ€ button
 ãŠ— 	japanese â€œcongratulationsâ€ button
 ãŠ™ 	japanese â€œsecretâ€ button
 ğŸˆº 	japanese â€œopen for businessâ€ button
 ğŸˆµ 	japanese â€œno vacancyâ€ button
 ğŸ”´ 	red circle
 ğŸ”µ 	blue circle
 âš« 	black circle
 âšª 	white circle
 â¬› 	black large square
 â¬œ 	white large square
 â—¼ 	black medium square
 â—» 	white medium square
 â—¾ 	black medium small square
 â—½ 	white medium small square
 â–ª 	black small square
 â–« 	white small square
 ğŸ”¶ 	large orange diamond
 ğŸ”· 	large blue diamond
 ğŸ”¸ 	small orange diamond
 ğŸ”¹ 	small blue diamond
 ğŸ”º 	red triangle pointed up
 ğŸ”» 	red triangle pointed down
 ğŸ’  	diamond with a dot
 ğŸ”³ 	white square button
 ğŸ”² 	black square button
 ğŸ 	chequered flag
 ğŸš© 	triangular flag
 ğŸŒ 	crossed flags
 ğŸ´ 	black flag
 ğŸ³ 	white flag
 ğŸ³ï¸â€ğŸŒˆ 	rainbow flag
 ğŸ´â€â˜ ï¸ 	pirate flag
 ğŸ‡¦ğŸ‡¨ 	flag: ascension island
 ğŸ‡¦ğŸ‡© 	flag: andorra
 ğŸ‡¦ğŸ‡ª 	flag: united arab emirates
 ğŸ‡¦ğŸ‡« 	flag: afghanistan
 ğŸ‡¦ğŸ‡¬ 	flag: antigua & barbuda
 ğŸ‡¦ğŸ‡® 	flag: anguilla
 ğŸ‡¦ğŸ‡± 	flag: albania
 ğŸ‡¦ğŸ‡² 	flag: armenia
 ğŸ‡¦ğŸ‡´ 	flag: angola
 ğŸ‡¦ğŸ‡¶ 	flag: antarctica
 ğŸ‡¦ğŸ‡· 	flag: argentina
 ğŸ‡¦ğŸ‡¸ 	flag: american samoa
 ğŸ‡¦ğŸ‡¹ 	flag: austria
 ğŸ‡¦ğŸ‡º 	flag: australia
 ğŸ‡¦ğŸ‡¼ 	flag: aruba
 ğŸ‡¦ğŸ‡½ 	flag: Ã¥land islands
 ğŸ‡¦ğŸ‡¿ 	flag: azerbaijan
 ğŸ‡§ğŸ‡¦ 	flag: bosnia & herzegovina
 ğŸ‡§ğŸ‡§ 	flag: barbados
 ğŸ‡§ğŸ‡© 	flag: bangladesh
 ğŸ‡§ğŸ‡ª 	flag: belgium
 ğŸ‡§ğŸ‡« 	flag: burkina faso
 ğŸ‡§ğŸ‡¬ 	flag: bulgaria
 ğŸ‡§ğŸ‡­ 	flag: bahrain
 ğŸ‡§ğŸ‡® 	flag: burundi
 ğŸ‡§ğŸ‡¯ 	flag: benin
 ğŸ‡§ğŸ‡± 	flag: st. barthÃ©lemy
 ğŸ‡§ğŸ‡² 	flag: bermuda
 ğŸ‡§ğŸ‡³ 	flag: brunei
 ğŸ‡§ğŸ‡´ 	flag: bolivia
 ğŸ‡§ğŸ‡¶ 	flag: caribbean netherlands
 ğŸ‡§ğŸ‡· 	flag: brazil
 ğŸ‡§ğŸ‡¸ 	flag: bahamas
 ğŸ‡§ğŸ‡¹ 	flag: bhutan
 ğŸ‡§ğŸ‡» 	flag: bouvet island
 ğŸ‡§ğŸ‡¼ 	flag: botswana
 ğŸ‡§ğŸ‡¾ 	flag: belarus
 ğŸ‡§ğŸ‡¿ 	flag: belize
 ğŸ‡¨ğŸ‡¦ 	flag: canada
 ğŸ‡¨ğŸ‡¨ 	flag: cocos (keeling) islands
 ğŸ‡¨ğŸ‡© 	flag: congo   kinshasa
 ğŸ‡¨ğŸ‡« 	flag: central african republic
 ğŸ‡¨ğŸ‡¬ 	flag: congo   brazzaville
 ğŸ‡¨ğŸ‡­ 	flag: switzerland
 ğŸ‡¨ğŸ‡® 	flag: cÃ´te dâ€™ivoire
 ğŸ‡¨ğŸ‡° 	flag: cook islands
 ğŸ‡¨ğŸ‡± 	flag: chile
 ğŸ‡¨ğŸ‡² 	flag: cameroon
 ğŸ‡¨ğŸ‡³ 	flag: china
 ğŸ‡¨ğŸ‡´ 	flag: colombia
 ğŸ‡¨ğŸ‡µ 	flag: clipperton island
 ğŸ‡¨ğŸ‡· 	flag: costa rica
 ğŸ‡¨ğŸ‡º 	flag: cuba
 ğŸ‡¨ğŸ‡» 	flag: cape verde
 ğŸ‡¨ğŸ‡¼ 	flag: curaÃ§ao
 ğŸ‡¨ğŸ‡½ 	flag: christmas island
 ğŸ‡¨ğŸ‡¾ 	flag: cyprus
 ğŸ‡¨ğŸ‡¿ 	flag: czechia
 ğŸ‡©ğŸ‡ª 	flag: germany
 ğŸ‡©ğŸ‡¬ 	flag: diego garcia
 ğŸ‡©ğŸ‡¯ 	flag: djibouti
 ğŸ‡©ğŸ‡° 	flag: denmark
 ğŸ‡©ğŸ‡² 	flag: dominica
 ğŸ‡©ğŸ‡´ 	flag: dominican republic
 ğŸ‡©ğŸ‡¿ 	flag: algeria
 ğŸ‡ªğŸ‡¦ 	flag: ceuta & melilla
 ğŸ‡ªğŸ‡¨ 	flag: ecuador
 ğŸ‡ªğŸ‡ª 	flag: estonia
 ğŸ‡ªğŸ‡¬ 	flag: egypt
 ğŸ‡ªğŸ‡­ 	flag: western sahara
 ğŸ‡ªğŸ‡· 	flag: eritrea
 ğŸ‡ªğŸ‡¸ 	flag: spain
 ğŸ‡ªğŸ‡¹ 	flag: ethiopia
 ğŸ‡ªğŸ‡º 	flag: european union
 ğŸ‡«ğŸ‡® 	flag: finland
 ğŸ‡«ğŸ‡¯ 	flag: fiji
 ğŸ‡«ğŸ‡° 	flag: falkland islands
 ğŸ‡«ğŸ‡² 	flag: micronesia
 ğŸ‡«ğŸ‡´ 	flag: faroe islands
 ğŸ‡«ğŸ‡· 	flag: france
 ğŸ‡¬ğŸ‡¦ 	flag: gabon
 ğŸ‡¬ğŸ‡§ 	flag: united kingdom
 ğŸ‡¬ğŸ‡© 	flag: grenada
 ğŸ‡¬ğŸ‡ª 	flag: georgia
 ğŸ‡¬ğŸ‡« 	flag: french guiana
 ğŸ‡¬ğŸ‡¬ 	flag: guernsey
 ğŸ‡¬ğŸ‡­ 	flag: ghana
 ğŸ‡¬ğŸ‡® 	flag: gibraltar
 ğŸ‡¬ğŸ‡± 	flag: greenland
 ğŸ‡¬ğŸ‡² 	flag: gambia
 ğŸ‡¬ğŸ‡³ 	flag: guinea
 ğŸ‡¬ğŸ‡µ 	flag: guadeloupe
 ğŸ‡¬ğŸ‡¶ 	flag: equatorial guinea
 ğŸ‡¬ğŸ‡· 	flag: greece
 ğŸ‡¬ğŸ‡¸ 	flag: south georgia & south sandwich islands
 ğŸ‡¬ğŸ‡¹ 	flag: guatemala
 ğŸ‡¬ğŸ‡º 	flag: guam
 ğŸ‡¬ğŸ‡¼ 	flag: guinea bissau
 ğŸ‡¬ğŸ‡¾ 	flag: guyana
 ğŸ‡­ğŸ‡° 	flag: hong kong sar china
 ğŸ‡­ğŸ‡² 	flag: heard & mcdonald islands
 ğŸ‡­ğŸ‡³ 	flag: honduras
 ğŸ‡­ğŸ‡· 	flag: croatia
 ğŸ‡­ğŸ‡¹ 	flag: haiti
 ğŸ‡­ğŸ‡º 	flag: hungary
 ğŸ‡®ğŸ‡¨ 	flag: canary islands
 ğŸ‡®ğŸ‡© 	flag: indonesia
 ğŸ‡®ğŸ‡ª 	flag: ireland
 ğŸ‡®ğŸ‡± 	flag: israel
 ğŸ‡®ğŸ‡² 	flag: isle of man
 ğŸ‡®ğŸ‡³ 	flag: india
 ğŸ‡®ğŸ‡´ 	flag: british indian ocean territory
 ğŸ‡®ğŸ‡¶ 	flag: iraq
 ğŸ‡®ğŸ‡· 	flag: iran
 ğŸ‡®ğŸ‡¸ 	flag: iceland
 ğŸ‡®ğŸ‡¹ 	flag: italy
 ğŸ‡¯ğŸ‡ª 	flag: jersey
 ğŸ‡¯ğŸ‡² 	flag: jamaica
 ğŸ‡¯ğŸ‡´ 	flag: jordan
 ğŸ‡¯ğŸ‡µ 	flag: japan
 ğŸ‡°ğŸ‡ª 	flag: kenya
 ğŸ‡°ğŸ‡¬ 	flag: kyrgyzstan
 ğŸ‡°ğŸ‡­ 	flag: cambodia
 ğŸ‡°ğŸ‡® 	flag: kiribati
 ğŸ‡°ğŸ‡² 	flag: comoros
 ğŸ‡°ğŸ‡³ 	flag: st. kitts & nevis
 ğŸ‡°ğŸ‡µ 	flag: north korea
 ğŸ‡°ğŸ‡· 	flag: south korea
 ğŸ‡°ğŸ‡¼ 	flag: kuwait
 ğŸ‡°ğŸ‡¾ 	flag: cayman islands
 ğŸ‡°ğŸ‡¿ 	flag: kazakhstan
 ğŸ‡±ğŸ‡¦ 	flag: laos
 ğŸ‡±ğŸ‡§ 	flag: lebanon
 ğŸ‡±ğŸ‡¨ 	flag: st. lucia
 ğŸ‡±ğŸ‡® 	flag: liechtenstein
 ğŸ‡±ğŸ‡° 	flag: sri lanka
 ğŸ‡±ğŸ‡· 	flag: liberia
 ğŸ‡±ğŸ‡¸ 	flag: lesotho
 ğŸ‡±ğŸ‡¹ 	flag: lithuania
 ğŸ‡±ğŸ‡º 	flag: luxembourg
 ğŸ‡±ğŸ‡» 	flag: latvia
 ğŸ‡±ğŸ‡¾ 	flag: libya
 ğŸ‡²ğŸ‡¦ 	flag: morocco
 ğŸ‡²ğŸ‡¨ 	flag: monaco
 ğŸ‡²ğŸ‡© 	flag: moldova
 ğŸ‡²ğŸ‡ª 	flag: montenegro
 ğŸ‡²ğŸ‡« 	flag: st. martin
 ğŸ‡²ğŸ‡¬ 	flag: madagascar
 ğŸ‡²ğŸ‡­ 	flag: marshall islands
 ğŸ‡²ğŸ‡° 	flag: north macedonia
 ğŸ‡²ğŸ‡± 	flag: mali
 ğŸ‡²ğŸ‡² 	flag: myanmar (burma)
 ğŸ‡²ğŸ‡³ 	flag: mongolia
 ğŸ‡²ğŸ‡´ 	flag: macau sar china
 ğŸ‡²ğŸ‡µ 	flag: northern mariana islands
 ğŸ‡²ğŸ‡¶ 	flag: martinique
 ğŸ‡²ğŸ‡· 	flag: mauritania
 ğŸ‡²ğŸ‡¸ 	flag: montserrat
 ğŸ‡²ğŸ‡¹ 	flag: malta
 ğŸ‡²ğŸ‡º 	flag: mauritius
 ğŸ‡²ğŸ‡» 	flag: maldives
 ğŸ‡²ğŸ‡¼ 	flag: malawi
 ğŸ‡²ğŸ‡½ 	flag: mexico
 ğŸ‡²ğŸ‡¾ 	flag: malaysia
 ğŸ‡²ğŸ‡¿ 	flag: mozambique
 ğŸ‡³ğŸ‡¦ 	flag: namibia
 ğŸ‡³ğŸ‡¨ 	flag: new caledonia
 ğŸ‡³ğŸ‡ª 	flag: niger
 ğŸ‡³ğŸ‡« 	flag: norfolk island
 ğŸ‡³ğŸ‡¬ 	flag: nigeria
 ğŸ‡³ğŸ‡® 	flag: nicaragua
 ğŸ‡³ğŸ‡± 	flag: netherlands
 ğŸ‡³ğŸ‡´ 	flag: norway
 ğŸ‡³ğŸ‡µ 	flag: nepal
 ğŸ‡³ğŸ‡· 	flag: nauru
 ğŸ‡³ğŸ‡º 	flag: niue
 ğŸ‡³ğŸ‡¿ 	flag: new zealand
 ğŸ‡´ğŸ‡² 	flag: oman
 ğŸ‡µğŸ‡¦ 	flag: panama
 ğŸ‡µğŸ‡ª 	flag: peru
 ğŸ‡µğŸ‡« 	flag: french polynesia
 ğŸ‡µğŸ‡¬ 	flag: papua new guinea
 ğŸ‡µğŸ‡­ 	flag: philippines
 ğŸ‡µğŸ‡° 	flag: pakistan
 ğŸ‡µğŸ‡± 	flag: poland
 ğŸ‡µğŸ‡² 	flag: st. pierre & miquelon
 ğŸ‡µğŸ‡³ 	flag: pitcairn islands
 ğŸ‡µğŸ‡· 	flag: puerto rico
 ğŸ‡µğŸ‡¸ 	flag: palestinian territories
 ğŸ‡µğŸ‡¹ 	flag: portugal
 ğŸ‡µğŸ‡¼ 	flag: palau
 ğŸ‡µğŸ‡¾ 	flag: paraguay
 ğŸ‡¶ğŸ‡¦ 	flag: qatar
 ğŸ‡·ğŸ‡ª 	flag: rÃ©union
 ğŸ‡·ğŸ‡´ 	flag: romania
 ğŸ‡·ğŸ‡¸ 	flag: serbia
 ğŸ‡·ğŸ‡º 	flag: russia
 ğŸ‡·ğŸ‡¼ 	flag: rwanda
 ğŸ‡¸ğŸ‡¦ 	flag: saudi arabia
 ğŸ‡¸ğŸ‡§ 	flag: solomon islands
 ğŸ‡¸ğŸ‡¨ 	flag: seychelles
 ğŸ‡¸ğŸ‡© 	flag: sudan
 ğŸ‡¸ğŸ‡ª 	flag: sweden
 ğŸ‡¸ğŸ‡¬ 	flag: singapore
 ğŸ‡¸ğŸ‡­ 	flag: st. helena
 ğŸ‡¸ğŸ‡® 	flag: slovenia
 ğŸ‡¸ğŸ‡¯ 	flag: svalbard & jan mayen
 ğŸ‡¸ğŸ‡° 	flag: slovakia
 ğŸ‡¸ğŸ‡± 	flag: sierra leone
 ğŸ‡¸ğŸ‡² 	flag: san marino
 ğŸ‡¸ğŸ‡³ 	flag: senegal
 ğŸ‡¸ğŸ‡´ 	flag: somalia
 ğŸ‡¸ğŸ‡· 	flag: suriname
 ğŸ‡¸ğŸ‡¸ 	flag: south sudan
 ğŸ‡¸ğŸ‡¹ 	flag: sÃ£o tomÃ© & prÃ­ncipe
 ğŸ‡¸ğŸ‡» 	flag: el salvador
 ğŸ‡¸ğŸ‡½ 	flag: sint maarten
 ğŸ‡¸ğŸ‡¾ 	flag: syria
 ğŸ‡¸ğŸ‡¿ 	flag: swaziland
 ğŸ‡¹ğŸ‡¦ 	flag: tristan da cunha
 ğŸ‡¹ğŸ‡¨ 	flag: turks & caicos islands
 ğŸ‡¹ğŸ‡© 	flag: chad
 ğŸ‡¹ğŸ‡« 	flag: french southern territories
 ğŸ‡¹ğŸ‡¬ 	flag: togo
 ğŸ‡¹ğŸ‡­ 	flag: thailand
 ğŸ‡¹ğŸ‡¯ 	flag: tajikistan
 ğŸ‡¹ğŸ‡° 	flag: tokelau
 ğŸ‡¹ğŸ‡± 	flag: timor leste
 ğŸ‡¹ğŸ‡² 	flag: turkmenistan
 ğŸ‡¹ğŸ‡³ 	flag: tunisia
 ğŸ‡¹ğŸ‡´ 	flag: tonga
 ğŸ‡¹ğŸ‡· 	flag: turkey
 ğŸ‡¹ğŸ‡¹ 	flag: trinidad & tobago
 ğŸ‡¹ğŸ‡» 	flag: tuvalu
 ğŸ‡¹ğŸ‡¼ 	flag: taiwan
 ğŸ‡¹ğŸ‡¿ 	flag: tanzania
 ğŸ‡ºğŸ‡¦ 	flag: ukraine
 ğŸ‡ºğŸ‡¬ 	flag: uganda
 ğŸ‡ºğŸ‡² 	flag: u.s. outlying islands
 ğŸ‡ºğŸ‡³ 	flag: united nations
 ğŸ‡ºğŸ‡¸ 	flag: united states
 ğŸ‡ºğŸ‡¾ 	flag: uruguay
 ğŸ‡ºğŸ‡¿ 	flag: uzbekistan
 ğŸ‡»ğŸ‡¦ 	flag: vatican city
 ğŸ‡»ğŸ‡¨ 	flag: st. vincent & grenadines
 ğŸ‡»ğŸ‡ª 	flag: venezuela
 ğŸ‡»ğŸ‡¬ 	flag: british virgin islands
 ğŸ‡»ğŸ‡® 	flag: u.s. virgin islands
 ğŸ‡»ğŸ‡³ 	flag: vietnam
 ğŸ‡»ğŸ‡º 	flag: vanuatu
 ğŸ‡¼ğŸ‡« 	flag: wallis & futuna
 ğŸ‡¼ğŸ‡¸ 	flag: samoa
 ğŸ‡½ğŸ‡° 	flag: kosovo
 ğŸ‡¾ğŸ‡ª 	flag: yemen
 ğŸ‡¾ğŸ‡¹ 	flag: mayotte
 ğŸ‡¿ğŸ‡¦ 	flag: south africa
 ğŸ‡¿ğŸ‡² 	flag: zambia
 ğŸ‡¿ğŸ‡¼ 	flag: zimbabwe
 ğŸ´ó §ó ¢ó ¥ó ®ó §ó ¿ 	flag: england
 ğŸ´ó §ó ¢ó ³ó £ó ´ó ¿ 	flag: scotland
 ğŸ´ó §ó ¢ó ·ó ¬ó ³ó ¿ 	flag: wales
 ğŸ³ï¸â€âš§ï¸ 	blue, pink, and white flag
